,City,Latitude,Longitude,Max Temp,Humidity,Cloudiness,Wind Speed,Country,Date
0,Mataura,-46.1927,168.8643,66.25,67,100,1.86,NZ,1649127600
1,Port-Gentil,-0.7193,8.7815,80.22,83,99,8.81,GA,1649127600
2,Port Alfred,-33.5906,26.891,62.51,78,0,8.95,ZA,1649127600
3,Buala,-8.145,159.5921,80.2,88,100,12.19,SB,1649127600
4,Cape Town,-33.9258,18.4232,60.58,90,75,10.96,ZA,1649127600
5,Bariloche,-41.1456,-71.3082,47.95,71,40,8.55,AR,1649127600
6,Bluff,-46.6,168.3333,62.11,84,100,6.44,NZ,1649127600
7,Bredasdorp,-34.5322,20.0403,57.11,84,17,5.7,ZA,1649127600
8,Nampula,-15.1165,39.2666,71.55,100,20,2.75,MZ,1649127600
9,Cherskiy,68.75,161.3,0.5,85,24,4.38,RU,1649127600
10,Chokurdakh,70.6333,147.9167,-5.91,91,15,10.07,RU,1649127600
11,Okhotsk,59.3833,143.3,27.27,87,100,4.5,RU,1649127600
12,Albany,42.6001,-73.9662,40.35,70,99,4.12,US,1649127600
13,Itaituba,-4.2761,-55.9836,73.22,99,100,1.21,BR,1649127600
14,Busselton,-33.65,115.3333,67.93,42,0,7.4,AU,1649127600
15,Thai Binh,20.45,106.3333,73.18,57,66,8.72,VN,1649127600
16,Markova,48.6758,24.4138,33.49,61,82,14.5,UA,1649127600
17,Qaanaaq,77.484,-69.3632,28.65,72,100,9.98,GL,1649127600
18,Kilkenny,52.6542,-7.2522,49.96,78,100,17.85,IE,1649127600
19,Hilo,19.7297,-155.09,74.61,78,75,5.73,US,1649127600
20,Wanning,18.8003,110.3967,75.7,75,85,11.1,CN,1649127600
21,Lavrentiya,65.5833,-171.0,1.08,84,12,11.01,RU,1649127600
22,Ribeira Grande,38.5167,-28.7,59.99,74,44,8.7,PT,1649127600
23,Eureka,40.8021,-124.1637,52.77,88,100,6.46,US,1649127600
24,Harstad,68.799,16.5293,22.21,75,12,3.51,NO,1649127600
25,Acapulco de Juárez,16.8634,-99.8901,76.82,78,20,8.5,MX,1649127600
26,Bilma,18.6853,12.9164,81.34,7,14,6.51,NE,1649127600
27,Biu,10.6129,12.1946,82.67,10,87,0.34,NG,1649127600
28,Port Lincoln,-34.7333,135.8667,61.48,78,100,15.39,AU,1649127600
29,Ushuaia,-54.8,-68.3,35.26,93,100,5.17,AR,1649127600
30,Launceston,-41.45,147.1667,65.46,62,40,1.7,AU,1649127600
31,Gladstone,-23.85,151.25,82.33,57,5,10.33,AU,1649127600
32,Portland,45.5234,-122.6762,43.48,82,20,12.28,US,1649127600
33,Qingyang,37.4958,121.2581,64.47,42,100,14.92,CN,1649127600
34,Freire,-38.95,-72.6333,49.8,93,0,0.27,CL,1649127600
35,Atuona,-9.8,-139.0333,79.5,76,5,21.74,PF,1649127600
36,Coquimbo,-29.9533,-71.3436,61.79,88,0,1.74,CL,1649127600
37,Kavieng,-2.5744,150.7967,83.35,75,100,9.75,PG,1649127600
38,Bambous Virieux,-20.3428,57.7575,78.15,94,75,9.8,MU,1649127600
39,Chui,-33.6971,-53.4616,54.43,64,0,3.78,UY,1649127600
40,Richards Bay,-28.783,32.0377,68.9,85,3,6.53,ZA,1649127600
41,Bogorodskoye,56.55,37.8833,21.06,91,45,8.81,RU,1649127600
42,Vaini,-21.2,-175.2,80.76,83,75,20.62,TO,1649127600
43,Jamestown,42.097,-79.2353,40.86,52,100,4.9,US,1649127600
44,Torbay,47.6666,-52.7314,36.68,96,100,29.33,CA,1649127600
45,Rikitea,-23.1203,-134.9692,78.51,64,51,12.5,PF,1649127600
46,Mar del Plata,-38.0023,-57.5575,57.7,75,0,7.65,AR,1649127600
47,Pāthardi,19.1667,75.1833,91.4,19,42,5.79,IN,1649127600
48,Los Llanos de Aridane,28.6585,-17.9182,56.62,73,75,15.61,ES,1649127600
49,Punta Arenas,-53.15,-70.9167,38.57,81,75,22.55,CL,1649127600
50,Munirābād,15.3333,76.3333,82.89,53,76,10.33,IN,1649127600
51,Puerto Ayora,-0.7393,-90.3518,77.58,94,25,5.7,EC,1649127600
52,Kumul,42.8,93.45,66.97,10,2,1.34,CN,1649127600
53,Tasiilaq,65.6145,-37.6368,14.16,91,95,5.82,GL,1649127600
54,Deniliquin,-35.5333,144.9667,77.43,33,0,5.32,AU,1649127600
55,Linfen,36.0889,111.5189,71.8,33,0,5.06,CN,1649127600
56,Vao,-22.6667,167.4833,78.82,85,100,13.67,NC,1649127600
57,Quime,-16.9833,-67.2167,46.18,92,39,2.21,BO,1649127600
58,Lagoa,39.05,-27.9833,59.02,72,61,8.72,PT,1649127600
59,Coyhaique,-45.5752,-72.0662,51.75,82,75,6.87,CL,1649127600
60,New Norfolk,-42.7826,147.0587,59.95,58,100,3.91,AU,1649127600
61,Dikson,73.5069,80.5464,4.87,81,50,16.06,RU,1649127600
62,Talara,-4.5772,-81.2719,72.09,84,29,11.74,PE,1649127600
63,Butaritari,3.0707,172.7902,82.0,80,21,15.32,KI,1649127600
64,Qaqortoq,60.7167,-46.0333,33.62,81,100,4.72,GL,1649127600
65,Port Hedland,-20.3167,118.5667,95.05,41,1,5.77,AU,1649127600
66,Yellowknife,62.456,-114.3525,35.85,69,75,10.92,CA,1649127600
67,Hithadhoo,-0.6,73.0833,82.69,67,6,1.77,MV,1649127600
68,Tayu,-6.5397,111.0518,86.0,64,84,4.47,ID,1649127600
69,Rio Grande,-32.035,-52.0986,65.8,74,95,8.72,BR,1649127600
70,Zlynka,52.4267,31.7378,31.3,64,56,13.24,RU,1649127600
71,Roshchino,60.2519,29.6085,33.03,97,100,17.83,RU,1649127600
72,São Gabriel da Cachoeira,-0.1303,-67.0892,72.88,99,100,1.1,BR,1649127600
73,Carnarvon,-24.8667,113.6333,82.47,61,0,11.14,AU,1649127600
74,Saskylakh,71.9167,114.0833,-3.73,94,99,8.43,RU,1649127600
75,Malmyzh,56.5205,50.6818,26.67,92,100,14.05,RU,1649127600
76,Lompoc,34.6391,-120.4579,57.67,76,0,11.88,US,1649127600
77,Kupang,-10.1667,123.5833,84.34,67,13,2.68,ID,1649127600
78,Mossamedes,-15.1961,12.1522,67.64,82,30,5.77,AO,1649127600
79,Kapaa,22.0752,-159.319,75.97,72,40,13.13,US,1649127600
80,Thoen,17.6129,99.2161,87.98,44,16,1.23,TH,1649127600
81,Mahébourg,-20.4081,57.7,78.24,94,75,10.36,MU,1649127600
82,Aswān,24.0934,32.907,78.96,16,0,11.16,EG,1649127600
83,Lata,40.1629,-8.3327,42.21,57,100,5.41,PT,1649127600
84,Tagusao,9.1924,117.8141,84.06,69,100,4.83,PH,1649127600
85,Tabou,4.423,-7.3528,79.9,87,100,6.85,CI,1649127600
86,Hofn,64.2539,-15.2082,27.52,58,100,13.35,IS,1649127600
87,Lincoln,40.8,-96.667,50.07,45,0,11.34,US,1649127600
88,Dali,25.7,100.1833,62.58,68,72,3.2,CN,1649127600
89,Arraial do Cabo,-22.9661,-42.0278,76.28,89,1,14.61,BR,1649127600
90,Shingū,33.7333,135.9833,60.1,41,0,5.55,JP,1649127600
91,East London,-33.0153,27.9116,63.91,74,3,6.82,ZA,1649127600
92,Valparaíso,-33.0393,-71.6273,59.47,66,0,5.55,CL,1649127600
93,Inuvik,68.3499,-133.7218,-9.85,58,100,4.68,CA,1649127600
94,Kiryat Gat,31.61,34.7642,66.29,25,10,4.72,IL,1649127600
95,Lebu,-37.6167,-73.65,54.54,81,98,13.65,CL,1649127600
96,Kruisfontein,-34.0033,24.7314,59.31,73,2,9.28,ZA,1649127600
97,Klaksvík,62.2266,-6.589,33.8,65,100,14.65,FO,1649127600
98,Clyde River,70.4692,-68.5914,7.03,72,0,4.45,CA,1649127600
99,La Ronge,55.1001,-105.2842,39.45,60,20,15.55,CA,1649127600
100,Saint Paul Harbor,57.79,-152.4072,38.71,48,75,14.92,US,1649127600
101,Ponta do Sol,32.6667,-17.1,54.41,75,30,11.86,PT,1649127600
102,Saldanha,-33.0117,17.9442,59.72,88,16,10.22,ZA,1649127600
103,Valle Hermoso,25.6667,-97.8333,75.94,88,18,15.39,MX,1649127600
104,Orbetello,42.4408,11.2196,43.29,70,50,4.9,IT,1649127600
105,Iqaluit,63.7506,-68.5145,5.7,77,40,12.24,CA,1649127600
106,Faanui,-16.4833,-151.75,83.19,74,9,17.47,PF,1649127600
107,Bol,13.4586,14.7147,81.28,38,24,7.38,TD,1649127600
108,San Patricio,28.017,-97.5169,74.77,86,43,10.11,US,1649127600
109,Wuxue,29.8506,115.5525,61.36,64,100,3.69,CN,1649127600
110,Rehoboth,-23.3167,17.0833,56.89,52,0,7.61,NA,1649127600
111,Salamiyah,35.0113,37.0532,57.31,32,36,4.81,SY,1649127600
112,Pisco,-13.7,-76.2167,68.4,77,0,2.59,PE,1649127600
113,Nyrob,60.733,56.7202,22.32,96,100,6.98,RU,1649127600
114,Nikolskoye,59.7035,30.7861,34.65,96,100,15.01,RU,1649127600
115,Hermanus,-34.4187,19.2345,61.81,82,36,11.5,ZA,1649127600
116,Yumen,40.2833,97.2,60.01,11,0,3.98,CN,1649127600
117,Raja,8.4596,25.678,75.83,57,6,4.72,SS,1649127600
118,Avarua,-21.2078,-159.775,84.25,74,100,3.44,CK,1649127600
119,Khatanga,71.9667,102.5,-2.72,84,22,7.38,RU,1649127600
120,Abu Dhabi,24.4667,54.3667,76.53,96,2,7.85,AE,1649127600
121,Malakal,9.5334,31.6605,84.52,47,8,4.47,SS,1649127600
122,Mae Sot,16.7167,98.5667,88.41,57,0,3.85,TH,1649127600
123,Hasaki,35.7333,140.8333,54.3,80,100,20.15,JP,1649127600
124,Vila Velha,-20.3297,-40.2925,76.95,92,20,4.34,BR,1649127600
125,Balad,34.0164,44.1453,67.91,32,0,9.55,IQ,1649127600
126,Bengkulu,-3.8004,102.2655,84.16,59,33,4.65,ID,1649127600
127,Roquebrune-Cap-Martin,43.7641,7.4821,50.14,74,0,2.84,FR,1649127600
128,Khromtau,50.2503,58.4347,37.29,88,69,16.26,KZ,1649127600
129,Bodinayakkanur,10.0167,77.35,81.0,65,49,3.11,IN,1649127600
130,Alofi,-19.0595,-169.9187,73.29,100,100,4.38,NU,1649127600
131,Castro,-24.7911,-50.0119,64.04,95,100,1.23,BR,1649127600
132,Araouane,18.9048,-3.5265,81.34,13,0,9.82,ML,1649127600
133,Zaranj,30.9667,61.8833,78.13,10,0,4.9,AF,1649127600
134,Hobyo,5.3505,48.5268,80.4,75,6,9.06,SO,1649127600
135,Altay,47.8667,88.1167,47.5,60,5,5.12,CN,1649127600
136,Thompson,55.7435,-97.8558,35.76,51,0,6.06,CA,1649127600
137,Mitsamiouli,-11.3847,43.2844,81.46,75,4,4.97,KM,1649127600
138,Luganville,-15.5333,167.1667,82.8,73,100,10.51,VU,1649127600
139,Hobart,-42.8794,147.3294,59.02,67,75,9.13,AU,1649127600
140,Laela,-8.5667,32.05,59.29,92,100,3.62,TZ,1649127600
141,Knoxville,35.9606,-83.9207,59.67,46,100,3.36,US,1649127600
142,Kalmunai,7.4167,81.8167,81.84,74,14,3.31,LK,1649127600
143,Mackay,-21.15,149.2,90.68,66,95,12.39,AU,1649127600
144,George Town,5.4112,100.3354,81.28,86,20,0.29,MY,1649127600
145,Vallenar,-28.5708,-70.7581,66.94,46,0,2.77,CL,1649127600
146,Harper,4.375,-7.7169,80.02,87,100,7.58,LR,1649127600
147,Hirara,24.8,125.2833,71.87,60,75,11.16,JP,1649127600
148,Provideniya,64.3833,-173.3,10.51,61,0,12.71,RU,1649127600
149,Yantongshan,43.2919,126.0094,46.69,36,83,21.14,CN,1649127600
150,Barrow,71.2906,-156.7887,-1.28,65,100,10.89,US,1649127600
151,San Cristobal,7.7669,-72.225,73.58,86,45,2.59,VE,1649127600
152,Calella,41.618,2.6678,44.65,57,5,6.69,ES,1649127600
153,Port Blair,11.6667,92.75,83.7,89,40,7.05,IN,1649127600
154,Belorechensk,44.76,39.87,43.23,91,100,2.37,RU,1649127600
155,Isangel,-19.55,169.2667,82.02,80,100,9.64,VU,1649127600
156,Sawākin,19.1059,37.3321,76.57,64,0,6.24,SD,1649127600
157,Honningsvåg,70.9821,25.9704,27.75,68,40,15.41,NO,1649127600
158,Oranjemund,-28.55,16.4333,58.41,84,0,4.43,NA,1649127600
159,Kaohsiung City,22.6163,120.3133,76.68,65,20,6.38,TW,1649127600
160,Pechenga,69.5259,31.1703,15.17,93,100,10.71,RU,1649127600
161,Bañón,40.8382,-1.1909,40.26,75,95,3.76,ES,1649127600
162,Port Elizabeth,-33.918,25.5701,63.21,75,0,8.75,ZA,1649127600
163,Kyren,51.6828,102.1408,33.71,76,87,0.72,RU,1649127600
164,Salalah,17.0151,54.0924,77.45,78,0,1.57,OM,1649127600
165,Ostrovnoy,68.0531,39.5131,14.0,94,77,10.96,RU,1649127600
166,Los Corrales de Buelna,43.2636,-4.0726,33.48,90,5,4.97,ES,1649127600
167,Witu,-2.3889,40.4382,78.96,87,3,3.74,KE,1649127600
168,Faya,18.3851,42.4509,59.09,22,1,3.8,SA,1649127600
169,Santa Maria,-29.6842,-53.8069,67.3,100,100,4.41,BR,1649127600
170,Tsaratanana,-16.7833,47.65,69.94,88,10,3.74,MG,1649127600
171,Río Gallegos,-51.6226,-69.2181,39.27,75,0,26.08,AR,1649127600
172,Souillac,-20.5167,57.5167,77.41,94,75,9.86,MU,1649127600
173,Sitka,57.0531,-135.33,44.49,65,100,4.09,US,1649127600
174,Formosa,-26.1775,-58.1781,71.58,88,0,6.22,AR,1649127600
175,Upernavik,72.7868,-56.1549,18.09,82,100,5.84,GL,1649127600
176,Cabo San Lucas,22.8909,-109.9124,67.6,68,20,13.18,MX,1649127600
177,Dalbandin,28.8947,64.4101,78.58,9,16,1.95,PK,1649127600
178,San Pedro Masahuat,13.5436,-89.0386,77.38,78,0,3.69,SV,1649127600
179,Palu,-0.8917,119.8707,89.82,54,64,4.9,ID,1649127600
180,Touros,-5.1989,-35.4608,77.14,82,74,9.24,BR,1649127600
181,Kindu,-2.95,25.95,68.67,99,100,0.87,CD,1649127600
182,Imbituba,-28.24,-48.6703,70.83,94,67,6.51,BR,1649127600
183,Tuktoyaktuk,69.4541,-133.0374,-12.71,70,75,6.2,CA,1649127600
184,Roccapiemonte,40.7607,14.6926,48.43,87,99,7.05,IT,1649127600
185,Tomelloso,39.1522,-3.0243,38.34,78,100,16.04,ES,1649127600
186,Barra de Tecoanapa,16.5167,-98.75,76.96,73,5,9.06,MX,1649127600
187,Grindavik,63.8424,-22.4338,30.04,93,100,18.95,IS,1649127600
188,Dzhebariki-Khaya,62.2167,135.8,19.45,78,100,3.67,RU,1649127600
189,Wahiawā,21.5028,-158.0236,73.11,64,75,8.75,US,1649127600
190,San Quintín,30.4833,-115.95,59.61,86,13,10.18,MX,1649127600
191,Victor Harbor,-35.5667,138.6167,62.44,69,100,7.16,AU,1649127600
192,Flinders,-34.5833,150.8552,78.55,62,1,6.44,AU,1649127600
193,Kayes,14.0,-11.0,84.51,19,0,11.43,ML,1649127600
194,Hamilton,39.1834,-84.5333,49.8,70,0,4.92,US,1649127600
195,Caravelas,-17.7125,-39.2481,75.74,83,0,3.2,BR,1649127600
196,Adrar,20.5022,-10.0711,68.7,44,0,6.96,MR,1649127600
197,Goderich,43.7501,-81.7165,37.72,87,100,15.64,CA,1649127600
198,Zambezi,-13.5432,23.1047,64.04,98,99,3.44,ZM,1649127600
199,Kununurra,-15.7667,128.7333,95.86,52,6,3.24,AU,1649127600
200,Ust'-Koksa,50.2696,85.6108,41.11,76,43,1.74,RU,1649127600
201,Ouricuri,-7.8825,-40.0817,70.3,75,100,4.21,BR,1649127600
202,Kaitangata,-46.2817,169.8464,68.47,61,100,4.54,NZ,1649127600
203,Tazovsky,67.4667,78.7,27.05,96,100,17.11,RU,1649127600
204,Ghanzi,-21.5667,21.7833,67.95,77,32,7.47,BW,1649127600
205,Bollnäs,61.3482,16.3946,24.33,75,96,10.71,SE,1649127600
206,Esil,51.9556,66.4042,36.14,99,100,9.26,KZ,1649127600
207,Sakakah,29.9697,40.2064,67.57,19,86,7.23,SA,1649127600
208,Bassila,9.0081,1.6654,75.06,77,100,3.91,BJ,1649127600
209,Kahului,20.8947,-156.47,78.12,65,20,12.06,US,1649127600
210,Kirakira,-10.4544,161.9205,80.92,87,100,14.03,SB,1649127600
211,Cidreira,-30.1811,-50.2056,68.32,87,64,7.56,BR,1649127600
212,Matara,5.9485,80.5353,80.62,76,89,2.06,LK,1649127600
213,Anloga,5.7947,0.8973,81.99,82,96,9.98,GH,1649127600
214,Dauphin,51.1494,-100.0502,37.54,93,0,14.23,CA,1649127600
215,Karaton,-6.3424,106.1045,87.64,57,35,3.51,ID,1649127600
216,Heraclea,37.5133,34.0467,55.74,37,100,4.68,TR,1649127600
217,Balakhta,55.38,91.6,34.88,100,100,2.95,RU,1649127600
218,Tabas,33.5959,56.9244,76.69,12,83,1.32,IR,1649127600
219,Tarko-Sale,64.9225,77.785,33.96,100,100,10.25,RU,1649127600
220,Bud,39.447,-86.1758,50.97,72,100,4.88,US,1649127600
221,Jalu,29.0331,21.5482,78.4,11,0,8.86,LY,1649127600
222,Saint-Pierre,-21.3393,55.4781,78.42,83,75,4.23,RE,1649127600
223,Carutapera,-1.195,-46.02,75.69,93,100,2.91,BR,1649127600
224,Saint George,37.1041,-113.5841,75.45,14,0,12.28,US,1649127600
225,Labuhan,-6.8844,112.2051,84.34,71,14,1.9,ID,1649127600
226,Margate,51.3813,1.3862,52.07,82,100,18.21,GB,1649127600
227,College,64.8569,-147.8028,20.57,55,75,4.36,US,1649127600
228,Byron Bay,-28.65,153.6167,82.94,70,4,5.53,AU,1649127600
229,Malanje,-9.5402,16.341,64.72,97,99,3.2,AO,1649127600
230,Puerto Carreño,6.189,-67.4859,79.48,77,97,1.77,CO,1649127600
231,Nagorsk,59.3172,50.8078,23.16,90,100,8.66,RU,1649127600
232,Bethel,41.3712,-73.414,45.09,60,40,3.71,US,1649127600
233,Waddān,29.1614,16.139,80.78,7,0,7.45,LY,1649127600
234,Mustafakemalpaşa,40.0353,28.4117,48.96,86,100,2.66,TR,1649127600
235,Muisne,0.6,-80.0333,76.06,87,50,2.28,EC,1649127600
236,Ilulissat,69.2167,-51.1,28.42,74,60,5.5,GL,1649127600
237,Gimli,50.6336,-96.9907,34.47,86,96,14.03,CA,1649127600
238,Tual,-5.6667,132.75,82.29,67,11,4.09,ID,1649127600
239,Ati,13.2154,18.3353,81.1,11,51,3.69,TD,1649127600
240,Srednekolymsk,67.45,153.6833,-0.62,80,100,1.66,RU,1649127600
241,Pevek,69.7008,170.3133,-7.42,89,60,1.66,RU,1649127600
242,Karachi,24.9056,67.0822,78.67,83,95,13.78,PK,1649127600
243,Half Moon Bay,37.4636,-122.4286,56.66,83,100,10.31,US,1649127600
244,Coruripe,-10.1256,-36.1756,76.24,82,26,3.78,BR,1649127600
245,Belyy Yar,53.6039,91.3903,47.73,86,100,4.72,RU,1649127600
246,Kidal,18.4411,1.4078,84.24,5,84,5.55,ML,1649127600
247,Shubarkuduk,49.1447,56.4872,41.5,78,38,14.36,KZ,1649127600
248,Boende,-0.2167,20.8667,70.32,98,92,3.0,CD,1649127600
249,Ishigaki,24.3448,124.1572,73.53,64,20,11.79,JP,1649127600
250,Whitehorse,60.7161,-135.0538,37.31,41,40,2.82,CA,1649127600
251,Nabire,-3.3667,135.4833,89.31,46,63,4.07,ID,1649127600
252,Baniachang,24.5167,91.3667,82.56,69,42,4.76,BD,1649127600
253,The Valley,18.217,-63.0578,78.66,73,100,18.72,AI,1649127600
254,Biak,-0.9131,122.8766,83.32,69,85,3.85,ID,1649127600
255,Airai,-8.9266,125.4092,75.16,47,16,1.61,TL,1649127600
256,Qandala,11.472,49.8728,81.63,38,0,2.17,SO,1649127600
257,Paita,-5.0892,-81.1144,71.98,80,17,11.27,PE,1649127600
258,Rawson,-43.3002,-65.1023,63.28,41,96,7.14,AR,1649127600
259,Nortelândia,-14.4547,-56.8028,72.12,79,1,0.87,BR,1649127600
260,Thyborøn,56.6985,8.2124,38.43,62,22,25.72,DK,1649127600
261,Vila Franca do Campo,37.7167,-25.4333,55.81,65,94,3.91,PT,1649127600
262,Longyearbyen,78.2186,15.6401,10.24,61,20,8.46,SJ,1649127600
263,San Francisco del Mar Viejo,16.2333,-94.65,80.98,74,0,10.69,MX,1649127600
264,Korla,41.7597,86.1469,63.12,19,6,5.28,CN,1649127600
265,De Haan,51.272,3.0429,50.68,83,75,21.56,BE,1649127600
266,Pampa,35.5362,-100.9599,51.85,82,0,7.49,US,1649127600
267,Mehamn,71.0357,27.8492,25.16,80,93,10.33,NO,1649127600
268,Kango,0.1943,10.0951,74.23,95,100,1.23,GA,1649127600
269,Vinh,18.6667,105.6667,70.97,67,87,5.68,VN,1649127600
270,Maryville,35.7565,-83.9705,59.04,44,100,4.63,US,1649127600
271,Loei,17.4167,101.5,74.03,41,77,4.03,TH,1649127600
272,Tashtagol,52.7657,87.8894,44.15,89,81,2.77,RU,1649127600
273,Zhengjiatun,43.5064,123.5064,47.77,22,27,20.51,CN,1649127600
274,Port Keats,-14.25,129.55,89.58,56,2,7.16,AU,1649127600
275,Angoche,-16.2325,39.9086,73.13,86,3,5.75,MZ,1649127600
276,Norman Wells,65.282,-126.8329,3.24,51,75,7.27,CA,1649127600
277,Antalaha,-14.9003,50.2788,74.39,88,100,4.72,MG,1649127600
278,Bilibino,68.0546,166.4372,7.84,68,4,3.15,RU,1649127600
279,Siemiatycze,52.4272,22.8623,33.82,97,100,21.34,PL,1649127600
280,Aksarka,66.5606,67.7975,12.97,97,87,1.63,RU,1649127600
281,Seabra,-12.4186,-41.7703,63.91,95,3,2.39,BR,1649127600
282,Oodweyne,9.4092,45.064,66.72,45,20,7.38,SO,1649127600
283,São Raimundo das Mangabeiras,-7.0219,-45.4811,74.5,80,100,1.99,BR,1649127600
284,Poum,-20.2333,164.0167,80.51,83,100,24.56,NC,1649127600
285,Severo-Kuril'sk,50.6789,156.125,35.89,92,30,7.81,RU,1649127600
286,Gaza,31.5,34.4667,65.52,36,10,5.5,PS,1649127600
287,Tautira,-17.7333,-149.15,82.71,76,25,16.31,PF,1649127600
288,Ahipara,-35.1667,173.1667,72.03,75,100,7.4,NZ,1649127600
289,Magrath,49.4167,-112.8686,40.24,48,52,33.98,CA,1649127600
290,Havre-St-Pierre,50.2334,-63.5986,30.56,59,0,16.82,CA,1649127600
291,Hong Kong,22.2855,114.1577,72.63,56,8,4.61,HK,1649127600
292,Gelemso,8.8167,40.5167,62.19,46,48,4.34,ET,1649127600
293,Grand Forks,47.9417,-97.4337,42.35,81,0,15.43,US,1649127600
294,Teahupoo,-17.8333,-149.2667,82.36,76,24,16.69,PF,1649127600
295,Necochea,-38.5473,-58.7368,52.32,69,56,9.64,AR,1649127600
296,Asheville,35.6009,-82.554,50.04,57,0,1.01,US,1649127600
297,Assiut,27.181,31.1837,73.76,15,0,3.42,EG,1649127600
298,Vardø,70.3705,31.1107,29.19,60,100,21.23,NO,1649127600
299,Bubaque,11.2833,-15.8333,76.8,68,0,9.28,GW,1649127600
300,Beira,-19.8436,34.8389,77.09,94,20,6.26,MZ,1649127600
301,Saint-Max,48.7043,6.21,42.13,81,100,14.83,FR,1649127600
302,Jiayuguan City,39.8167,98.3,58.78,11,0,2.62,CN,1649127600
303,Samarai,-10.6167,150.6667,84.18,73,96,18.48,PG,1649127600
304,Lorengau,-2.0226,147.2712,83.95,75,100,15.52,PG,1649127600
305,Shakawe,-18.3667,21.85,63.82,94,37,3.8,BW,1649127600
306,Pokosnoye,55.5258,101.0536,27.66,68,100,8.37,RU,1649127600
307,Te Anau,-45.4167,167.7167,63.12,77,100,5.59,NZ,1649127600
308,Chegdomyn,51.1167,133.0167,30.52,94,100,5.06,RU,1649127600
309,Cuxhaven,53.8718,8.6909,42.03,79,100,22.75,DE,1649127600
310,Port Hardy,50.6996,-127.4199,41.18,93,75,8.59,CA,1649127600
311,Martapura,-3.4167,114.85,87.06,83,75,3.27,ID,1649127600
312,Kudahuvadhoo,2.6708,72.8944,83.23,61,4,0.98,MV,1649127600
313,Kawalu,-7.3817,108.2082,85.33,61,40,2.53,ID,1649127600
314,Itapuí,-22.2333,-48.7192,74.7,92,100,3.6,BR,1649127600
315,Zhob,31.3411,69.4481,69.15,10,98,3.36,PK,1649127600
316,Saint-Paul,-21.0096,55.2707,78.33,85,29,2.01,RE,1649127600
317,Phuket,8.0,98.25,80.82,83,40,12.86,TH,1649127600
318,Fairbanks,64.8378,-147.7164,20.7,55,0,4.41,US,1649127600
319,Marrakesh,31.6315,-8.0083,48.27,87,75,7.29,MA,1649127600
320,Saint Anthony,45.0205,-93.218,38.35,77,0,7.58,US,1649127600
321,Gualaquiza,-3.4,-78.55,61.83,98,22,1.21,EC,1649127600
322,Tiksi,71.6872,128.8694,-2.99,98,100,4.83,RU,1649127600
323,Skjervøy,70.0311,20.9714,25.36,64,30,10.54,NO,1649127600
324,Kutum,14.2,24.6667,74.1,15,5,5.61,SD,1649127600
325,Kitimat,54.0524,-128.6534,43.92,60,100,2.01,CA,1649127600
326,Geraldton,-28.7667,114.6,75.36,64,0,11.99,AU,1649127600
327,Narsaq,60.9167,-46.05,46.62,72,100,4.45,GL,1649127600
328,Mims,28.6653,-80.8448,69.62,80,0,7.18,US,1649127600
329,Songjianghe,42.1859,127.479,49.96,48,74,17.22,CN,1649127600
330,Beringovskiy,63.05,179.3167,-0.71,82,59,16.62,RU,1649127600
331,Lázaro Cárdenas,17.9583,-102.2,71.49,82,37,5.64,MX,1649127600
332,Llangefni,53.2556,-4.3106,49.68,90,75,18.32,GB,1649127600
333,Sainte-Suzanne,-20.9061,55.6089,78.85,89,20,7.47,RE,1649127600
334,Corvallis,44.5646,-123.262,47.05,73,75,11.77,US,1649127600
335,Dubinino,55.6192,89.0911,39.31,96,54,3.74,RU,1649127600
336,Lensk,60.7253,114.9278,19.83,84,100,9.04,RU,1649127600
337,Rixheim,47.7514,7.4009,44.29,58,100,10.92,FR,1649127600
338,Xinzhou,38.4092,112.7333,66.58,12,0,5.12,CN,1649127600
339,Letlhakane,-21.4167,25.5833,65.53,74,4,5.95,BW,1649127600
340,Muros,42.7762,-9.0603,44.71,64,0,16.28,ES,1649127600
341,Havøysund,70.9963,24.6622,25.03,73,97,14.54,NO,1649127600
342,Tiznit Province,29.5833,-9.5,51.24,69,91,13.47,MA,1649127600
343,Nelson Bay,-32.7167,152.15,77.05,64,0,8.79,AU,1649127600
344,Pochutla,15.7432,-96.4661,79.83,71,0,6.04,MX,1649127600
345,Rocha,-34.4833,-54.3333,48.56,64,0,3.04,UY,1649127600
346,Maceió,-9.6658,-35.7353,77.65,83,20,2.66,BR,1649127600
347,Oistins,13.0667,-59.5333,78.89,69,40,17.29,BB,1649127600
348,Grand Gaube,-20.0064,57.6608,79.75,87,24,14.67,MU,1649127600
349,Mattawa,46.7379,-119.9028,42.98,63,17,26.91,US,1649127600
350,Nebaj,15.4058,-91.1461,72.18,83,49,1.05,GT,1649127600
351,Hurghada,27.2574,33.8129,73.04,16,0,11.56,EG,1649127600
352,Mbandaka,0.0487,18.2603,69.87,95,92,2.95,CD,1649127600
353,Fonte Boa,-2.4959,-66.2662,73.18,98,85,1.86,BR,1649127600
354,La Palma,33.8464,-118.0467,64.65,66,75,4.7,US,1649127600
355,Camacha,33.0833,-16.3333,54.46,67,40,23.82,PT,1649127600
356,Nyagan,62.1406,65.3936,31.48,99,100,6.11,RU,1649127600
357,Nador,35.174,-2.9287,56.21,88,75,24.96,MA,1649127600
358,Urdoma,61.7533,48.5442,9.82,97,100,3.0,RU,1649127600
359,Pangnirtung,66.1451,-65.7125,4.01,97,100,1.52,CA,1649127600
360,Seoul,37.5683,126.9778,57.13,28,0,8.21,KR,1649127600
361,Colomi,-17.35,-65.8667,53.58,88,64,4.54,BO,1649127600
362,São Miguel do Araguaia,-13.275,-50.1628,73.83,77,24,1.3,BR,1649127600
363,Mount Gambier,-37.8333,140.7667,62.73,67,40,4.43,AU,1649127600
364,Kyabé,9.4515,18.9449,81.43,55,73,3.89,TD,1649127600
365,Gamba,-2.65,10.0,76.64,91,100,5.26,GA,1649127600
366,Narón,43.5167,-8.1528,42.84,73,0,8.05,ES,1649127600
367,Beloha,-25.1667,45.05,70.39,86,14,5.44,MG,1649127600
368,Adamovka,51.5223,59.9396,38.05,92,100,13.58,RU,1649127600
369,Deputatsky,69.3,139.9,-0.44,89,98,3.96,RU,1649127600
370,Denpasar,-8.65,115.2167,85.71,79,20,5.35,ID,1649127600
371,Tahoua,14.8888,5.2692,81.57,7,100,3.96,NE,1649127600
372,Atar,20.5169,-13.0499,68.27,48,0,3.85,MR,1649127600
373,Kuril'sk,45.2333,147.8833,43.12,66,1,3.51,RU,1649127600
374,Klang,3.0333,101.45,85.08,83,20,1.97,MY,1649127600
375,Upata,8.0086,-62.3989,73.33,85,67,7.45,VE,1649127600
376,Losal,27.4,74.9167,88.18,6,3,4.5,IN,1649127600
377,Washington,47.5001,-120.5015,35.98,80,4,21.32,US,1649127600
378,Waverly,42.7392,-84.6208,40.77,93,31,7.38,US,1649127600
379,Sur,22.5667,59.5289,82.45,40,0,10.09,OM,1649127600
380,Taltal,-25.4,-70.4833,65.64,69,0,3.74,CL,1649127600
381,Gambiran,-6.7988,111.4951,83.73,71,32,3.69,ID,1649127600
382,Alugan,12.2188,125.4808,82.36,82,80,14.52,PH,1649127600
383,Salinópolis,-0.6136,-47.3561,77.68,87,100,6.4,BR,1649127600
384,Inhambane,-23.865,35.3833,73.22,70,22,8.01,MZ,1649127600
385,Galle,6.0367,80.217,78.4,80,100,1.79,LK,1649127600
386,Oruzgan,32.8333,66.0,63.18,18,0,4.94,AF,1649127600
387,Puerto Quijarro,-17.7833,-57.7667,80.47,55,94,1.1,BO,1649127600
388,Doka,13.5167,35.7667,84.94,21,17,3.85,SD,1649127600
389,Mareeba,-17.0,145.4333,89.44,57,66,3.6,AU,1649127600
390,Marystown,47.1666,-55.1483,38.86,100,100,15.61,CA,1649127600
391,Chichihualco,17.6833,-99.65,68.41,51,16,6.67,MX,1649127600
392,Constitución,-35.3333,-72.4167,55.53,62,0,8.08,CL,1649127600
393,Kulhudhuffushi,6.6221,73.07,83.08,67,11,1.81,MV,1649127600
394,Azul,-36.777,-59.8585,50.2,46,0,6.69,AR,1649127600
395,Vila do Maio,15.1333,-23.2167,71.6,73,59,11.83,CV,1649127600
396,North Bend,43.4065,-124.2243,47.68,90,100,14.85,US,1649127600
397,Garoowe,8.4054,48.4845,68.9,87,47,6.49,SO,1649127600
398,Churapcha,62.0025,132.4325,21.54,85,100,11.5,RU,1649127600
399,Saint-Philippe,-21.3585,55.7679,78.44,88,71,11.1,RE,1649127600
400,Manicoré,-5.8092,-61.3003,73.65,97,100,2.57,BR,1649127600
401,Tynda,55.1667,124.7167,21.02,57,100,14.76,RU,1649127600
402,Klamath Falls,42.2249,-121.7817,38.97,84,100,18.54,US,1649127600
403,Kurumkan,54.3,110.3,17.67,73,26,1.61,RU,1649127600
404,Dwārka,22.2394,68.9678,80.1,65,17,8.61,IN,1649127600
405,Laguna,38.421,-121.4238,66.38,65,0,10.42,US,1649127600
406,Tuatapere,-46.1333,167.6833,65.95,71,100,4.12,NZ,1649127600
407,Tacna,-18.0056,-70.2483,61.48,86,38,1.74,PE,1649127600
408,Prince Rupert,54.3161,-130.3201,39.29,87,100,0.98,CA,1649127600
409,Rechka Vydrino,51.485,104.8461,25.57,83,96,5.99,RU,1649127600
410,Meulaboh,4.1363,96.1285,81.72,73,99,2.15,ID,1649127600
411,Blacksburg,37.2296,-80.4139,53.74,53,100,2.66,US,1649127600
412,Maniitsoq,65.4167,-52.9,24.04,84,61,3.6,GL,1649127600
413,Lüderitz,-26.6481,15.1594,58.08,80,0,6.55,NA,1649127600
414,Babayurt,43.6002,46.7789,43.48,79,99,8.41,RU,1649127600
415,Ixtapa,20.7,-105.2,70.83,68,0,1.21,MX,1649127600
416,Mukhen,48.1,136.1,57.45,49,96,16.37,RU,1649127600
417,Ginda,30.6945,78.4932,72.99,10,56,2.26,IN,1649127600
418,Amuntai,-2.4177,115.2494,88.81,57,96,2.68,ID,1649127600
419,Buraidah,26.326,43.975,72.05,15,70,9.19,SA,1649127600
420,Draguignan,43.5333,6.4667,39.15,86,0,3.36,FR,1649127600
421,Tongzi,28.7829,105.0877,63.27,69,100,2.59,CN,1649127600
422,Tegul'det,57.3064,88.1667,37.33,96,100,7.67,RU,1649127600
423,Manado,1.487,124.8455,90.37,58,20,8.25,ID,1649127600
424,Santarém,-2.4431,-54.7083,75.33,100,40,1.39,BR,1649127600
425,Newport,51.5877,-2.9984,51.73,84,99,9.71,GB,1649127600
426,Dingli,35.8614,14.3822,55.56,88,75,23.94,MT,1649127600
427,Codrington,-38.2667,141.9667,63.09,57,100,8.05,AU,1649127600
428,Salinas,36.6777,-121.6555,58.05,74,0,2.37,US,1649127600
429,Kapit,2.0167,112.9333,76.91,93,100,1.68,MY,1649127600
430,Naze,28.3667,129.4833,65.32,49,6,5.26,JP,1649127600
431,Tilichiki,60.4667,166.1,19.85,80,40,5.28,RU,1649127600
432,Udachny,66.4167,112.4,7.74,77,100,6.78,RU,1649127600
433,Ivanava,52.1451,25.5365,31.98,97,100,20.47,BY,1649127600
434,Anadyr,64.75,177.4833,1.08,70,20,11.88,RU,1649127600
435,Vostok,46.4856,135.8833,54.57,53,62,11.54,RU,1649127600
436,Pacifica,37.6138,-122.4869,55.38,87,75,11.59,US,1649127600
437,Raudeberg,61.9875,5.1352,34.99,94,100,19.37,NO,1649127600
438,Batagay-Alyta,67.8006,130.4114,4.28,81,81,2.51,RU,1649127600
439,Cockburn Town,21.4612,-71.1419,77.9,81,0,16.08,TC,1649127600
440,Fortuna,40.5982,-124.1573,52.07,91,100,5.14,US,1649127600
441,Ust'-Ishim,57.6935,71.1665,38.12,93,100,8.23,RU,1649127600
442,Westport,41.1415,-73.3579,47.07,54,40,6.22,US,1649127600
443,Mandurah,-32.55,115.7,70.92,41,0,6.69,AU,1649127600
444,West Odessa,31.8424,-102.4988,71.08,24,0,9.06,US,1649127600
445,Vaitape,-16.5167,-151.75,83.21,74,9,17.38,PF,1649127600
446,Escada,-8.3592,-35.2236,81.34,90,37,3.38,BR,1649127600
447,Sapa,5.1544,120.3241,84.58,66,99,6.96,PH,1649127600
448,Northam,51.0333,-4.2167,49.19,95,100,13.82,GB,1649127600
449,Tayzhina,53.6679,87.4362,41.95,83,88,2.59,RU,1649127600
450,Shizunai-furukawachō,42.3339,142.3669,45.36,77,2,4.36,JP,1649127600
451,Sicamous,50.8331,-118.9856,50.97,92,100,3.06,CA,1649127600
452,Husavik,66.0449,-17.3389,23.23,89,100,8.68,IS,1649127600
453,Konotop,51.2403,33.2026,31.82,69,12,11.36,UA,1649127600
454,Talaya,61.3833,152.75,7.74,88,100,5.26,RU,1649127600
455,Pozo Colorado,-23.4923,-58.7972,72.77,98,64,5.88,PY,1649127600
456,Aklavik,68.2191,-135.0107,-10.05,90,100,5.57,CA,1649127600
457,Envira,-7.3,-70.2167,75.9,75,92,0.83,BR,1649127600
458,Kashgar,39.4547,75.9797,63.43,25,0,2.04,CN,1649127600
459,Cascais,38.6979,-9.4215,54.72,47,100,18.3,PT,1649127600
460,North Platte,41.1239,-100.7654,57.33,30,100,24.16,US,1649127600
461,Virginia Beach,36.8529,-75.978,48.78,73,81,12.35,US,1649127600
462,Yar-Sale,66.8333,70.8333,22.26,97,88,6.31,RU,1649127600
463,Duluth,46.7833,-92.1066,32.02,95,100,3.74,US,1649127600
464,Mokrous,51.2333,47.5167,31.12,86,22,10.71,RU,1649127600
465,Sisimiut,66.9395,-53.6735,24.04,95,80,2.82,GL,1649127600
466,Santiago del Estero,-27.7951,-64.2615,63.1,75,29,3.09,AR,1649127600
467,Broome,42.2506,-75.833,36.01,69,75,2.1,US,1649127600
468,Shediac,46.2198,-64.5411,32.0,74,0,13.89,CA,1649127600
469,Kalakamati,-20.5929,27.3121,63.25,85,54,6.38,BW,1649127600
470,Baghdad,33.3406,44.4009,69.1,31,5,10.51,IQ,1649127600
471,Kelowna,49.8831,-119.4857,48.99,31,20,8.72,CA,1649127600
472,Ust-Nera,64.5667,143.2,11.25,86,94,6.53,RU,1649127600
473,Vieux-Habitants,16.0589,-61.7659,76.03,72,74,11.83,GP,1649127600
474,Benguela,-12.5763,13.4055,74.68,85,95,5.23,AO,1649127600
475,Zaysan,47.4667,84.8667,51.42,48,2,2.55,KZ,1649127600
476,Eskil,38.4017,33.4131,53.96,48,100,11.83,TR,1649127600
477,Luwuk,-0.9516,122.7875,85.69,70,74,3.65,ID,1649127600
478,Kaeo,-35.1,173.7833,69.6,89,100,7.67,NZ,1649127600
479,Burnie,-41.0667,145.9167,62.37,64,100,6.49,AU,1649127600
480,Srandakan,-7.9386,110.2506,83.98,69,13,3.36,ID,1649127600
481,Esperance,-33.8667,121.9,66.04,62,60,12.86,AU,1649127600
482,Mirny,62.5353,113.9611,14.23,66,98,7.23,RU,1649127600
483,Taoudenni,22.6783,-3.9836,79.23,20,0,8.72,ML,1649127600
484,Kavaratti,10.5669,72.642,82.26,73,58,2.68,IN,1649127600
485,Pedersore,63.65,22.6833,23.32,83,100,17.16,FI,1649127600
486,Aleksin,54.51,37.08,28.83,88,24,9.17,RU,1649127600
487,Pangody,65.85,74.4859,33.01,100,100,7.2,RU,1649127600
488,Leningradskiy,69.3833,178.4167,-1.7,86,48,4.83,RU,1649127600
489,Hokitika,-42.7167,170.9667,60.01,87,100,4.79,NZ,1649127600
490,Pitimbu,-7.4706,-34.8086,78.17,77,27,8.59,BR,1649127600
491,Abhā,18.2164,42.5053,59.85,12,0,5.12,SA,1649127600
492,Monticello,45.3055,-93.7941,36.95,83,20,10.22,US,1649127600
493,Yangi Marg`ilon,40.4272,71.7189,66.45,47,0,2.53,UZ,1649127600
494,Kismayo,-0.3582,42.5454,79.47,83,43,8.9,SO,1649127600
495,Kriel,-26.2739,29.2253,50.72,95,0,3.29,ZA,1649127600
496,Varhaug,58.6147,5.6457,36.64,66,92,20.18,NO,1649127600
497,San Ramon,37.7799,-121.978,58.26,76,0,4.88,US,1649127600
498,Road Town,18.4167,-64.6167,78.73,73,40,14.99,VG,1649127600
499,Henties Bay,-22.116,14.2845,60.12,86,0,6.06,NA,1649127600
500,Mayo,38.8876,-76.5119,48.22,73,100,8.25,US,1649127600
501,Port-Cartier,50.0334,-66.8654,28.62,78,5,11.07,CA,1649127600
502,Luena,-11.7833,19.9167,62.4,94,77,3.56,AO,1649127600
503,Ust-Tsilma,65.441,52.1498,-1.79,100,100,3.02,RU,1649127600
504,Ekhabi,53.5102,142.9671,31.96,57,100,4.92,RU,1649127600
505,Ariquemes,-9.9133,-63.0408,72.68,97,99,1.54,BR,1649127600
506,Mergen,49.1833,125.2167,29.93,72,100,16.64,CN,1649127600
507,Oranjestad,12.524,-70.027,80.55,78,40,25.43,AW,1649127600
508,Santa Pola,38.1917,-0.5658,51.6,68,75,16.73,ES,1649127600
509,Champaign,40.1334,-88.2001,44.55,82,0,5.08,US,1649127600
510,Stolin,51.8912,26.846,32.94,73,100,18.3,BY,1649127600
511,Sokoni,-6.4333,39.55,82.17,75,17,4.52,TZ,1649127600
512,Haines Junction,60.7522,-137.5108,37.35,44,27,4.07,CA,1649127600
513,Rodino,52.5,80.25,43.95,75,78,11.32,RU,1649127600
514,Cortez,37.3489,-108.5859,54.28,29,0,6.55,US,1649127600
515,Gizo Government Station,-8.103,156.8419,84.61,73,97,14.03,SB,1649127600
516,Havelock,34.8791,-76.9013,55.26,67,0,5.82,US,1649127600
517,Ancud,-41.8697,-73.8203,57.22,97,100,12.59,CL,1649127600
518,Itacaré,-14.2775,-38.9967,74.79,87,11,3.42,BR,1649127600
519,Acaraú,-2.8856,-40.12,77.45,87,100,7.56,BR,1649127600
520,Kapuskasing,49.4169,-82.4331,35.6,64,75,4.45,CA,1649127600
521,São João da Barra,-21.6403,-41.0511,77.34,88,0,9.13,BR,1649127600
522,Yakeshi,49.2833,120.7333,22.87,49,5,21.68,CN,1649127600
523,Dingle,10.9995,122.6711,85.06,66,100,10.71,PH,1649127600
524,Nanortalik,60.1432,-45.2371,33.4,82,100,4.41,GL,1649127600
525,Quatre Cocos,-20.2078,57.7625,77.76,85,42,9.37,MU,1649127600
526,Sovetskiy,61.3614,63.5842,29.97,99,100,5.08,RU,1649127600
527,Kasempa,-13.4584,25.8338,62.89,87,92,2.15,ZM,1649127600
528,Pasni,25.2631,63.471,77.88,54,4,7.05,PK,1649127600
529,Hanyang,32.1371,105.5126,59.61,66,90,3.02,CN,1649127600
530,Vestmannaeyjar,63.4427,-20.2734,35.2,75,100,20.02,IS,1649127600
531,Alanya,36.5438,31.9998,65.41,41,93,5.79,TR,1649127600
532,Monrovia,6.3005,-10.7969,77.41,84,100,3.8,LR,1649127600
533,Solnechnyy,50.7214,136.6319,34.41,94,100,3.0,RU,1649127600
534,Sayán,-11.1361,-77.1933,71.94,73,99,2.15,PE,1649127600
535,Avera,33.194,-82.5271,60.28,57,53,3.69,US,1649127600
536,Roswell,34.0232,-84.3616,60.26,54,0,3.24,US,1649127600
537,Kainantu,-6.2887,145.8655,77.43,53,98,1.66,PG,1649127600
538,Birjand,32.8663,59.2211,69.22,15,0,7.85,IR,1649127600
539,Gainesville,29.6516,-82.3248,68.83,71,0,7.11,US,1649127600
540,Mahibadhoo,3.7833,72.9667,83.16,64,29,2.13,MV,1649127600
541,Harrisonville,38.6533,-94.3488,52.57,57,0,7.23,US,1649127600
542,Baoqing,46.3317,132.2111,59.31,39,92,22.44,CN,1649127600
543,Whitianga,-36.8333,175.7,69.55,73,100,7.56,NZ,1649127600
544,Olafsvik,64.8945,-23.7142,27.97,71,86,33.73,IS,1649127600
545,Boguchany,58.3814,97.4531,29.39,83,100,9.8,RU,1649127600
546,Panabá,21.2833,-88.2667,76.95,71,0,15.99,MX,1649127600
547,Kushima,31.4583,131.2333,67.06,42,19,4.36,JP,1649127600
548,Ürümqi,43.801,87.6005,60.94,33,0,3.38,CN,1649127600
549,Gravdal,68.1214,13.5031,28.08,63,45,5.19,NO,1649127600
550,Ponta Porã,-22.5361,-55.7256,67.73,94,61,5.59,BR,1649127600
551,Hīrna,9.2167,41.1,62.89,51,37,6.69,ET,1649127600
552,Comodoro Rivadavia,-45.8667,-67.5,62.46,42,0,28.16,AR,1649127600
553,Gilbués,-9.8317,-45.3439,75.49,52,48,2.93,BR,1649127600
554,Mariestad,58.7097,13.8237,30.47,91,74,15.88,SE,1649127600
555,Mwene-Ditu,-7.0,23.45,62.76,95,80,1.59,CD,1649127600
556,La Macarena,2.1837,-73.7849,72.09,98,90,0.56,CO,1649127600
557,Kangaatsiaq,68.3065,-53.4641,27.39,90,98,8.5,GL,1649127600
558,Mokhotlong,-29.2894,29.0675,45.12,83,0,3.67,LS,1649127600
559,Yulara,-25.2406,130.9889,91.51,12,5,7.05,AU,1649127600
560,Hohhot,40.8106,111.6522,57.49,15,0,4.32,CN,1649127600
561,San Rafael,-34.6177,-68.3301,60.84,32,0,8.1,AR,1649127600
562,Nishihara,26.1842,127.7558,69.51,53,75,8.75,JP,1649127600
563,Chichicastenango,14.9333,-91.1167,60.08,89,36,3.76,GT,1649127600
564,Yerbogachën,61.2767,108.0108,16.65,81,92,4.7,RU,1649127600
565,Yuci,37.6803,112.7319,67.32,25,0,4.72,CN,1649127600
566,Waipawa,-41.4122,175.5153,65.64,72,100,15.12,NZ,1649127600
567,Kochi,9.9399,76.2602,80.78,80,74,4.16,IN,1649127600
568,Sangar,63.9242,127.4739,10.24,91,100,10.94,RU,1649127600
569,Puerto Escondido,15.85,-97.0667,79.63,73,20,7.9,MX,1649127600
570,Mount Isa,-20.7333,139.5,93.2,9,6,12.3,AU,1649127600
571,Mbengwi,6.0167,10.0,69.35,68,99,1.92,CM,1649127600
572,Lima,-12.0432,-77.0282,74.89,68,0,8.05,PE,1649127600
